label,mean_dice,mean_jaccard,stdev_dice,stdev_jaccard
1,0.07436363020325096,0.03983631423516708,0.064639063850146,0.03633382916502703
2,0.22204957802787062,0.13327183200252438,0.1526245951974793,0.09785762935695329
