label,mean_dice,mean_false_positive_rate,mean_jaccard,mean_n_pos_ref,mean_n_pos_seg,mean_positive_predictive_values,stdev_dice,stdev_false_positive_rate,stdev_jaccard,stdev_n_pos_ref,stdev_n_pos_seg,stdev_positive_predictive_values
1,0.07436363020325096,0.00989905939150221,0.03983631423516708,147223.3,426643.9,0.05256701004037737,0.064639063850146,0.0035319615960312223,0.03633382916502703,63059.29574464022,161572.24788647957,0.050014805948838045
2,0.22204957802787062,0.012423514128967349,0.13327183200252438,382492.2,626137.9,0.19527704445579527,0.1526245951974793,0.003961797756989241,0.09785762935695329,207378.2675864566,172174.19554186973,0.15197216930358562
