label,mean_dice,mean_jaccard,stdev_dice,stdev_jaccard
1,2.855330502912978e-06,1.4276728536643118e-06,4.717599712862473e-06,2.3588134805730355e-06
2,1.477471737646241e-06,7.387381544534167e-07,2.638098778056989e-06,1.319054417843536e-06
